male_first,female_first,common_last,city,state
Liam,Emma,SMITH,New York,New York
Noah,Olivia,JOHNSON,Los Angeles,California
William,Ava,WILLIAMS,Chicago,Illinois
James,Isabella,BROWN,Houston,Texas
Oliver,Sophia,JONES,Phoenix,Arizona
Benjamin,Charlotte,GARCIA,Philadelphia,Pennsylvania
Elijah,Mia,MILLER,San Antonio,Texas
Lucas,Amelia,DAVIS,San Diego,California
Mason,Harper,RODRIGUEZ,Dallas,Texas
Logan,Evelyn,MARTINEZ,San Jose,California
Alexander,Abigail,HERNANDEZ,Austin,Texas
Ethan,Emily,LOPEZ,Jacksonville,Florida
Jacob,Elizabeth,GONZALEZ,San Francisco,California
Michael,Mila,WILSON,Columbus,Ohio
Daniel,Ella,ANDERSON,Fort Worth,Texas
Henry,Avery,THOMAS,Indianapolis,Indiana
Jackson,Sofia,TAYLOR,Charlotte,North Carolina
Sebastian,Camila,MOORE,Seattle,Washington
Aiden,Aria,JACKSON,Denver,Colorado
Matthew,Scarlett,MARTIN,Washington,District of Columbia
Samuel,Victoria,LEE,Boston,Massachusetts
David,Madison,PEREZ,El Paso,Texas
Joseph,Luna,THOMPSON,Detroit,Michigan
Carter,Grace,WHITE,Nashville-Davidson,Tennessee
Owen,Chloe,HARRIS,Memphis,Tennessee
Wyatt,Penelope,SANCHEZ,Portland,Oregon
John,Layla,CLARK,Oklahoma City,Oklahoma
Jack,Riley,RAMIREZ,Las Vegas,Nevada
Luke,Zoey,LEWIS,Louisville/Jefferson County,Kentucky
Jayden,Nora,ROBINSON,Baltimore,Maryland
Dylan,Lily,WALKER,Milwaukee,Wisconsin
Grayson,Eleanor,YOUNG,Albuquerque,New Mexico
Levi,Hannah,ALLEN,Tucson,Arizona
Isaac,Lillian,KING,Fresno,California
Gabriel,Addison,WRIGHT,Sacramento,California
Julian,Aubrey,SCOTT,Mesa,Arizona
Mateo,Ellie,TORRES,Kansas City,Missouri
Anthony,Stella,NGUYEN,Atlanta,Georgia
Jaxon,Natalie,HILL,Long Beach,California
Lincoln,Zoe,FLORES,Omaha,Nebraska
Joshua,Leah,GREEN,Raleigh,North Carolina
Christopher,Hazel,ADAMS,Colorado Springs,Colorado
Andrew,Violet,NELSON,Miami,Florida
Theodore,Aurora,BAKER,Virginia Beach,Virginia
Caleb,Savannah,HALL,Oakland,California
Ryan,Audrey,RIVERA,Minneapolis,Minnesota
Asher,Brooklyn,CAMPBELL,Tulsa,Oklahoma
Nathan,Bella,MITCHELL,Arlington,Texas
Thomas,Claire,CARTER,New Orleans,Louisiana
Leo,Skylar,ROBERTS,Wichita,Kansas
Isaiah,Lucy,GOMEZ,Cleveland,Ohio
Charles,Paisley,PHILLIPS,Tampa,Florida
Josiah,Everly,EVANS,Bakersfield,California
Hudson,Anna,TURNER,Aurora,Colorado
Christian,Caroline,DIAZ,Anaheim,California
Hunter,Nova,PARKER,Honolulu,Hawaii
Connor,Genesis,CRUZ,Santa Ana,California
Eli,Emilia,EDWARDS,Riverside,California
Ezra,Kennedy,COLLINS,Corpus Christi,Texas
Aaron,Samantha,REYES,Lexington-Fayette,Kentucky
Landon,Maya,STEWART,Stockton,California
Adrian,Willow,MORRIS,St. Louis,Missouri
Jonathan,Kinsley,MORALES,St. Paul,Minnesota
Nolan,Naomi,MURPHY,Henderson,Nevada
Jeremiah,Aaliyah,COOK,Pittsburgh,Pennsylvania
Easton,Elena,ROGERS,Cincinnati,Ohio
Elias,Sarah,GUTIERREZ,Anchorage,Alaska
Colton,Ariana,ORTIZ,Greensboro,North Carolina
Cameron,Allison,MORGAN,Plano,Texas
Carson,Gabriella,COOPER,Newark,New Jersey
Robert,Alice,PETERSON,Lincoln,Nebraska
Angel,Madelyn,BAILEY,Orlando,Florida
Maverick,Cora,REED,Irvine,California
Nicholas,Ruby,KELLY,Toledo,Ohio
Dominic,Eva,HOWARD,Jersey City,New Jersey
Jaxson,Serenity,RAMOS,Chula Vista,California
Greyson,Autumn,KIM,Durham,North Carolina
Adam,Adeline,COX,Fort Wayne,Indiana
Ian,Hailey,WARD,St. Petersburg,Florida
Austin,Gianna,RICHARDSON,Laredo,Texas
Santiago,Valentina,WATSON,Buffalo,New York
Jordan,Isla,BROOKS,Madison,Wisconsin
Cooper,Eliana,CHAVEZ,Lubbock,Texas
Brayden,Quinn,WOOD,Chandler,Arizona
Roman,Nevaeh,JAMES,Scottsdale,Arizona
Evan,Ivy,BENNETT,Reno,Nevada
Ezekiel,Sadie,GRAY,Glendale,Arizona
Xavier,Piper,MENDOZA,Norfolk,Virginia
Jose,Lydia,RUIZ,Winston-Salem,North Carolina
Jace,Alexa,HUGHES,North Las Vegas,Nevada
Jameson,Josephine,PRICE,Gilbert,Arizona
Leonardo,Emery,ALVAREZ,Chesapeake,Virginia
Bryson,Julia,CASTILLO,Irving,Texas
Axel,Delilah,SANDERS,Hialeah,Florida
Everett,Arianna,PATEL,Garland,Texas
Parker,Vivian,MYERS,Fremont,California
Kayden,Kaylee,LONG,Richmond,Virginia
Miles,Sophie,ROSS,Boise City,Idaho
Sawyer,Brielle,FOSTER,Baton Rouge,Louisiana
Jason,Madeline,JIMENEZ,Des Moines,Iowa
Declan,Peyton,POWELL,Spokane,Washington
Weston,Rylee,JENKINS,San Bernardino,California
Micah,Clara,PERRY,Modesto,California
Ayden,Hadley,RUSSELL,Tacoma,Washington
Wesley,Melanie,SULLIVAN,Fontana,California
Luca,Mackenzie,BELL,Santa Clarita,California
Vincent,Reagan,COLEMAN,Birmingham,Alabama
Damian,Adalynn,BUTLER,Oxnard,California
Zachary,Liliana,HENDERSON,Fayetteville,North Carolina
Silas,Aubree,BARNES,Rochester,New York
Gavin,Jade,GONZALES,Moreno Valley,California
Chase,Katherine,FISHER,Glendale,California
Kai,Isabelle,VASQUEZ,Yonkers,New York
Emmett,Natalia,SIMMONS,Huntington Beach,California
Harrison,Raelynn,ROMERO,Aurora,Illinois
Nathaniel,Maria,JORDAN,Salt Lake City,Utah
Kingston,Athena,PATTERSON,Amarillo,Texas
Cole,Ximena,ALEXANDER,Montgomery,Alabama
Tyler,Arya,HAMILTON,Grand Rapids,Michigan
Bennett,Leilani,GRAHAM,Little Rock,Arkansas
Bentley,Taylor,REYNOLDS,Akron,Ohio
Ryker,Faith,GRIFFIN,Augusta-Richmond County,Georgia
Tristan,Rose,WALLACE,Huntsville,Alabama
Brandon,Kylie,MORENO,Columbus,Georgia
Kevin,Alexandra,WEST,Grand Prairie,Texas
Luis,Mary,COLE,Shreveport,Louisiana
George,Margaret,HAYES,Overland Park,Kansas
Ashton,Lyla,BRYANT,Tallahassee,Florida
Rowan,Ashley,HERRERA,Mobile,Alabama
Braxton,Amaya,GIBSON,Port St. Lucie,Florida
Ryder,Eliza,ELLIS,Knoxville,Tennessee
Gael,Brianna,TRAN,Worcester,Massachusetts
Ivan,Bailey,MEDINA,Tempe,Arizona
Diego,Andrea,AGUILAR,Cape Coral,Florida
Maxwell,Khloe,STEVENS,Brownsville,Texas
Max,Jasmine,MURRAY,McKinney,Texas
Carlos,Melody,FORD,Providence,Rhode Island
Kaiden,Iris,CASTRO,Fort Lauderdale,Florida
Juan,Isabel,MARSHALL,Newport News,Virginia
Maddox,Norah,OWENS,Chattanooga,Tennessee
Justin,Annabelle,HARRISON,Rancho Cucamonga,California
Waylon,Valeria,FERNANDEZ,Frisco,Texas
Calvin,Emerson,MCDONALD,Sioux Falls,South Dakota
Giovanni,Adalyn,WOODS,Oceanside,California
Jonah,Ryleigh,WASHINGTON,Ontario,California
Abel,Eden,KENNEDY,Vancouver,Washington
Jayce,Emersyn,WELLS,Santa Rosa,California
Jesus,Anastasia,VARGAS,Garden Grove,California
Amir,Kayla,HENRY,Elk Grove,California
King,Alyssa,CHEN,Pembroke Pines,Florida
Beau,Juliana,FREEMAN,Salem,Oregon
Camden,Charlie,WEBB,Eugene,Oregon
Alex,Esther,TUCKER,Peoria,Arizona
Jasper,Ariel,GUZMAN,Corona,California
Malachi,Cecilia,BURNS,Springfield,Missouri
Brody,Valerie,CRAWFORD,Jackson,Mississippi
Jude,Alina,OLSON,Cary,North Carolina
Blake,Molly,SIMPSON,Fort Collins,Colorado
Emmanuel,Reese,PORTER,Hayward,California
Eric,Aliyah,HUNTER,Lancaster,California
Brooks,Lilly,GORDON,Alexandria,Virginia
Elliot,Parker,MENDEZ,Salinas,California
Antonio,Finley,SILVA,Palmdale,California
Abraham,Morgan,SHAW,Lakewood,Colorado
Timothy,Sydney,SNYDER,Springfield,Massachusetts
Finn,Jordyn,MASON,Sunnyvale,California
Rhett,Eloise,DIXON,Hollywood,Florida
Elliott,Trinity,MUNOZ,Pasadena,Texas
Edward,Daisy,HUNT,Clarksville,Tennessee
August,Kimberly,HICKS,Pomona,California
Xander,Lauren,HOLMES,Kansas City,Kansas
Alan,Genevieve,PALMER,Macon-Bibb County,Georgia
Dean,Sara,WAGNER,Escondido,California
Lorenzo,Arabella,BLACK,Paterson,New Jersey
Bryce,Harmony,ROBERTSON,Joliet,Illinois
Karter,Elise,BOYD,Naperville,Illinois
Victor,Remi,ROSE,Rockford,Illinois
Milo,Teagan,STONE,Torrance,California
Miguel,Alexis,SALAZAR,Bridgeport,Connecticut
Hayden,London,FOX,Savannah,Georgia
Graham,Sloane,WARREN,Killeen,Texas
Grant,Laila,MILLS,Bellevue,Washington
Zion,Lucia,MEYER,Mesquite,Texas
Tucker,Diana,RICE,Syracuse,New York
Jesse,Juliette,SCHMIDT,McAllen,Texas
Zayden,Sienna,GARZA,Pasadena,California
Joel,Elliana,DANIELS,Orange,California
Richard,Londyn,FERGUSON,Fullerton,California
Patrick,Ayla,NICHOLS,Dayton,Ohio
Emiliano,Callie,STEPHENS,Miramar,Florida
Avery,Gracie,SOTO,Olathe,Kansas
Nicolas,Josie,WEAVER,Thornton,Colorado
Brantley,Amara,RYAN,Waco,Texas
Dawson,Jocelyn,GARDNER,Murfreesboro,Tennessee
Myles,Daniela,PAYNE,Denton,Texas
Matteo,Everleigh,GRANT,West Valley City,Utah
River,Mya,DUNN,Midland,Texas
Steven,Rachel,KELLEY,Carrollton,Texas
Thiago,Summer,SPENCER,Roseville,California
Zane,Alana,HAWKINS,Warren,Michigan
Matias,Brooke,ARNOLD,Charleston,South Carolina
Judah,Alaina,PIERCE,Hampton,Virginia
Messiah,Mckenzie,VAZQUEZ,Surprise,Arizona
Jeremy,Catherine,HANSEN,Columbia,South Carolina
Preston,Amy,PETERS,Coral Springs,Florida
Oscar,Presley,SANTOS,Visalia,California
Kaleb,Journee,HART,Sterling Heights,Michigan
Alejandro,Rosalie,BRADLEY,Gainesville,Florida
Marcus,Ember,KNIGHT,Cedar Rapids,Iowa
Mark,Brynlee,ELLIOTT,New Haven,Connecticut
Peter,Rowan,CUNNINGHAM,Stamford,Connecticut
Maximus,Joanna,DUNCAN,Elizabeth,New Jersey
Barrett,Paige,ARMSTRONG,Concord,California
Jax,Rebecca,HUDSON,Thousand Oaks,California
Andres,Ana,CARROLL,Kent,Washington
Holden,Sawyer,LANE,Santa Clara,California
Legend,Mariah,RILEY,Simi Valley,California
Charlie,Nicole,ANDREWS,Lafayette,Louisiana
Knox,Brooklynn,ALVARADO,Topeka,Kansas
Kaden,Payton,RAY,Athens-Clarke County,Georgia
Paxton,Marley,DELGADO,Round Rock,Texas
Kyrie,Fiona,BERRY,Hartford,Connecticut
Kyle,Georgia,PERKINS,Norman,Oklahoma
Griffin,Lila,HOFFMAN,Victorville,California
Josue,Harley,JOHNSTON,Fargo,North Dakota
Kenneth,Adelyn,MATTHEWS,Berkeley,California
Beckett,Alivia,PENA,Vallejo,California
Enzo,Noelle,RICHARDS,Abilene,Texas
Adriel,Gemma,CONTRERAS,Columbia,Missouri
Arthur,Vanessa,WILLIS,Ann Arbor,Michigan
Felix,Journey,CARPENTER,Allentown,Pennsylvania
Bryan,Makayla,LAWRENCE,Pearland,Texas
Lukas,Angelina,SANDOVAL,Beaumont,Texas
Paul,Adaline,GUERRERO,Wilmington,North Carolina
Brian,Catalina,GEORGE,Evansville,Indiana
Colt,Alayna,CHAPMAN,Arvada,Colorado
Caden,Julianna,RIOS,Provo,Utah
Leon,Leila,ESTRADA,Independence,Missouri
Archer,Lola,ORTEGA,Lansing,Michigan
Omar,Adriana,WATKINS,Odessa,Texas
Israel,June,GREENE,Richardson,Texas
Aidan,Juliet,NUNEZ,Fairfield,California
Theo,Jayla,WHEELER,El Monte,California
Javier,River,VALDEZ,Rochester,Minnesota
Remington,Tessa,HARPER,Clearwater,Florida
Jaden,Lia,BURKE,Carlsbad,California
Bradley,Dakota,LARSON,Springfield,Illinois
Emilio,Delaney,SANTIAGO,Temecula,California
Colin,Selena,MALDONADO,West Jordan,Utah
Riley,Blakely,MORRISON,Costa Mesa,California
Cayden,Ada,FRANKLIN,Miami Gardens,Florida
Phoenix,Camille,CARLSON,Cambridge,Massachusetts
Clayton,Zara,AUSTIN,College Station,Texas
Simon,Malia,DOMINGUEZ,Murrieta,California
Ace,Hope,CARR,Downey,California
Nash,Samara,LAWSON,Peoria,Illinois
Derek,Vera,JACOBS,Westminster,Colorado
Rafael,Mckenna,OBRIEN,Elgin,Illinois
Zander,Briella,LYNCH,Antioch,California
Brady,Izabella,SINGH,Palm Bay,Florida
Jorge,Hayden,VEGA,High Point,North Carolina
Jake,Raegan,BISHOP,Lowell,Massachusetts
Louis,Michelle,MONTGOMERY,Manchester,New Hampshire
Damien,Angela,OLIVER,Pueblo,Colorado
Karson,Ruth,JENSEN,Gresham,Oregon
Walker,Freya,HARVEY,North Charleston,South Carolina
Maximiliano,Kamila,WILLIAMSON,San Buenaventura (Ventura),California
Amari,Vivienne,GILBERT,Inglewood,California
Sean,Aspen,DEAN,Pompano Beach,Florida
Chance,Olive,SIMS,Centennial,Colorado
Walter,Kendall,ESPINOZA,West Palm Beach,Florida
Martin,Elaina,HOWELL,Everett,Washington
Finley,Thea,LI,Richmond,California
Andre,Kali,WONG,Clovis,California
Tobias,Destiny,REID,Billings,Montana
Cash,Amiyah,HANSON,Waterbury,Connecticut
Corbin,Evangeline,LE,Broken Arrow,Oklahoma
Arlo,Cali,MCCOY,Lakeland,Florida
Iker,Blake,GARRETT,West Covina,California
Erick,Elsie,BURTON,Boulder,Colorado
Emerson,Juniper,FULLER,Daly City,California
Gunner,Alexandria,WANG,Santa Maria,California
Cody,Myla,WEBER,Hillsboro,Oregon
Stephen,Ariella,WELCH,Sandy Springs,Georgia
Francisco,Kate,ROJAS,Norwalk,California
Killian,Mariana,LUCAS,Jurupa Valley,California
Dallas,Lilah,MARQUEZ,Lewisville,Texas
Reid,Charlee,FIELDS,Greeley,Colorado
Manuel,Daleyza,PARK,Davie,Florida
Lane,Nyla,YANG,Green Bay,Wisconsin
Atlas,Jane,LITTLE,Tyler,Texas
Rylan,Maggie,BANKS,League City,Texas
Jensen,Zuri,PADILLA,Burbank,California
Ronan,Aniyah,DAY,San Mateo,California
Beckham,Lucille,WALSH,Wichita Falls,Texas
Daxton,Leia,BOWMAN,El Cajon,California
Anderson,Melissa,SCHULTZ,Rialto,California
Kameron,Adelaide,LUNA,Davenport,Iowa
Raymond,Amina,FOWLER,South Bend,Indiana
Orion,Giselle,MEJIA,Las Cruces,New Mexico
Cristian,Lena,DAVIDSON,Vista,California
Tanner,Camilla,ACOSTA,Renton,Washington
Kyler,Miriam,BREWER,Sparks,Nevada
Jett,Millie,MAY,Allen,Texas
Cohen,Brynn,HOLLAND,Tuscaloosa,Alabama
Ricardo,Gabrielle,JUAREZ,San Angelo,Texas
Spencer,Sage,NEWMAN,Vacaville,California
Gideon,Annie,PEARSON,Meridian,Idaho
Ali,Logan,CURTIS,Kenosha,Wisconsin
Fernando,Lilliana,CORTEZ,Roanoke,Virginia
Jaiden,Haven,DOUGLAS,Albany,New York
Titus,Jessica,SCHNEIDER,Boca Raton,Florida
Travis,Kaia,JOSEPH,Spokane Valley,Washington
Bodhi,Magnolia,BARRETT,Orem,Utah
Eduardo,Amira,NAVARRO,Compton,California
Dante,Adelynn,FIGUEROA,Beaverton,Oregon
Ellis,Makenzie,KELLER,Erie,Pennsylvania
Prince,Stephanie,AVILA,Lee's Summit,Missouri
Kane,Nina,WADE,Lawrence,Kansas
Luka,Phoebe,MOLINA,Federal Way,Washington
Kash,Arielle,STANLEY,Flint,Michigan
Hendrix,Evie,HOPKINS,San Marcos,California
Desmond,Lyric,CAMPOS,Rio Rancho,New Mexico
Donovan,Alessandra,BARNETT,Sandy,Utah
Mario,Gabriela,BATES,Mission Viejo,California
Atticus,Paislee,CHAMBERS,Brockton,Massachusetts
Cruz,Raelyn,CALDWELL,Yuma,Arizona
Garrett,Madilyn,BECK,South Gate,California
Hector,Paris,LAMBERT,New Bedford,Massachusetts
Angelo,Makenna,MIRANDA,Hesperia,California
Jeffrey,Kinley,BYRD,Roswell,Georgia
Edwin,Gracelyn,CRAIG,Portsmouth,Virginia
Cesar,Talia,AYALA,Bend,Oregon
Zayn,Maeve,LOWE,Dearborn,Michigan
Devin,Rylie,FRAZIER,Longmont,Colorado
Conor,Kiara,POWERS,Sunrise,Florida
Warren,Evelynn,NEAL,Quincy,Massachusetts
Odin,Brinley,LEONARD,Livonia,Michigan
Jayceon,Jacqueline,GREGORY,Lynn,Massachusetts
Romeo,Laura,CARRILLO,Plantation,Florida
Julius,Gracelynn,SUTTON,Lawton,Oklahoma
Jaylen,Lexi,FLEMING,Yakima,Washington
Hayes,Ariah,RHODES,Nampa,Idaho
Kayson,Fatima,SHELTON,Chico,California
Muhammad,Jennifer,SCHWARTZ,Carson,California
Jaxton,Kehlani,NORRIS,Miami Beach,Florida
Joaquin,Alani,JENNINGS,Santa Monica,California
Caiden,Ariyah,WATTS,Carmel,Indiana
Dakota,Luciana,DURAN,Greenville,North Carolina
Major,Allie,WALTERS,Santa Barbara,California
Keegan,Heidi,COHEN,Concord,North Carolina
Sergio,Maci,MCDANIEL,Edmond,Oklahoma
Marshall,Phoenix,MORAN,Asheville,North Carolina
Johnny,Felicity,PARKS,Fishers,Indiana
Kade,Joy,STEELE,Redding,California
Edgar,Kenzie,VAUGHN,Westminster,California
Leonel,Veronica,BECKER,Tracy,California
Ismael,Margot,HOLT,Deltona,Florida
Marco,Addilyn,DELEON,Menifee,California
Tyson,Lana,BARKER,San Leandro,California
Wade,Cassidy,TERRY,Livermore,California
Collin,Remington,HALE,Edinburg,Texas
Troy,Saylor,LEON,Suffolk,Virginia
Nasir,Ryan,HAIL,Chino,California
Conner,Keira,BENSON,Indio,California
Adonis,Harlow,HAYNES,Fall River,Massachusetts
Jared,Miranda,HORTON,Bellingham,Washington
Rory,Angel,MILES,Norwalk,Connecticut
Andy,Amanda,LYONS,Newton,Massachusetts
Jase,Daniella,PHAM,Kirkland,Washington
Lennox,Royalty,GRAVES,Sugar Land,Texas
Shane,Gwendolyn,BUSH,Reading,Pennsylvania
Malik,Ophelia,THORNTON,Nashua,New Hampshire
Ari,Heaven,WOLFE,Fort Smith,Arkansas
Reed,Jordan,WARNER,Citrus Heights,California
Seth,Madeleine,CABRERA,Hawthorne,California
Clark,Esmeralda,MCKINNEY,Waukegan,Illinois
Erik,Kira,MANN,O'Fallon,Missouri
Lawson,Miracle,ZIMMERMAN,Champaign,Illinois
Trevor,Elle,DAWSON,Ogden,Utah
Gage,Amari,LARA,Whittier,California
Nico,Danielle,FLETCHER,Redwood City,California
Malakai,Daphne,PAGE,Mount Pleasant,South Carolina
Quinn,Willa,MCCARTHY,Clifton,New Jersey
Cade,Haley,LOVE,Palm Coast,Florida
Johnathan,Gia,ROBLES,Newport Beach,California
Sullivan,Kaitlyn,CERVANTES,Duluth,Minnesota
Solomon,Oakley,SOLIS,Bloomington,Minnesota
Cyrus,Kailani,ERICKSON,Alhambra,California
Fabian,Winter,REEVES,Fayetteville,Arkansas
Pedro,Alicia,CHANG,Danbury,Connecticut
Frank,Serena,KLEIN,Hemet,California
Shawn,Nadia,SALINAS,Bloomington,Indiana
Malcolm,Aviana,FUENTES,Trenton,New Jersey
Khalil,Demi,BALDWIN,Hoover,Alabama
Nehemiah,Jada,DANIEL,Largo,Florida
Dalton,Braelynn,SIMON,Mission,Texas
Mathias,Dylan,VELASQUEZ,St. George,Utah
Jay,Ainsley,HARDY,Conroe,Texas
Ibrahim,Alison,HIGGINS,Johns Creek,Georgia
Peyton,Camryn,AGUIRRE,Lake Forest,California
Winston,Avianna,LIN,Avondale,Arizona
Kason,Bianca,CUMMINGS,Bryan,Texas
Zayne,Skyler,CHANDLER,Troy,Michigan
Noel,Scarlet,SHARP,Santa Fe,New Mexico
Princeton,Maddison,BARBER,Merced,California
Matthias,Nylah,BOWEN,Buena Park,California
Gregory,Sarai,OCHOA,Pleasanton,California
Sterling,Regina,DENNIS,Cicero,Illinois
Dominick,Dahlia,ROBBINS,Sioux City,Iowa
Elian,Nayeli,LIU,Melbourne,Florida
Grady,Raven,RAMSEY,Medford,Oregon
Russell,Helen,FRANCIS,Westland,Michigan
Finnegan,Adrianna,GRIFFITH,Kennewick,Washington
Ruben,Averie,PAUL,Longview,Texas
Gianni,Skye,BLAIR,Mountain View,California
Porter,Kelsey,OCONNOR,Somerville,Massachusetts
Kendrick,Tatum,CARDENAS,Cranston,Rhode Island
Leland,Kensley,PACHECO,Farmington Hills,Michigan
Pablo,Maliyah,CROSS,Lynchburg,Virginia
Allen,Erin,CALDERON,Lakewood,California
Hugo,Viviana,QUINN,Warwick,Rhode Island
Raiden,Jenna,MOSS,Auburn,Washington
Kolton,Anaya,SWANSON,Brooklyn Park,Minnesota
Remy,Carolina,CHAN,Deerfield Beach,Florida
Ezequiel,Shelby,RIVAS,Tustin,California
Damon,Sabrina,KHAN,Chino Hills,California
Emanuel,Mikayla,RODGERS,Lawrence,Massachusetts
Zaiden,Annalise,SERRANO,New Rochelle,New York
Otto,Octavia,FITZGERALD,Fort Myers,Florida
Bowen,Lennon,ROSALES,Goodyear,Arizona
Marcos,Blair,STEVENSON,Napa,California
Abram,Carmen,CHRISTENSEN,Springdale,Arkansas
Kasen,Yaretzi,MANNING,Pharr,Texas
Franklin,Kennedi,GILL,Manteca,California
Royce,Mabel,CURRY,Alameda,California
Jonas,Zariah,MCLAUGHLIN,Parma,Ohio
Sage,Kyla,HARMON,New Braunfels,Texas
Philip,Christina,MCGEE,Plymouth,Minnesota
Esteban,Selah,GROSS,Franklin,Tennessee
Drake,Celeste,DOYLE,Milpitas,California
Kashton,Eve,GARNER,Folsom,California
Roberto,Mckinley,NEWTON,Bloomington,Illinois
Harvey,Milani,BURGESS,Perris,California
Alexis,Frances,REESE,Bellflower,California
Kian,Jimena,WALTON,Boynton Beach,Florida
Jamison,Kylee,BLAKE,Scranton,Pennsylvania
Maximilian,Leighton,TRUJILLO,Racine,Wisconsin
Adan,Katie,ADKINS,Lake Charles,Louisiana
Milan,Aitana,BRADY,Upland,California
Phillip,Kayleigh,GOODMAN,Baytown,Texas
Albert,Sierra,ROMAN,Loveland,Colorado
Dax,Kathryn,WEBSTER,Layton,Utah
Mohamed,Rosemary,GOODWIN,Flower Mound,Texas
Ronin,Jolene,FISCHER,Hammond,Indiana
Kamden,Alondra,HUANG,Gastonia,North Carolina
Hank,Elisa,POTTER,St. Joseph,Missouri
Memphis,Helena,DELACRUZ,Baldwin Park,California
Oakley,Charleigh,MONTOYA,Gary,Indiana
Augustus,Hallie,TODD,Wyoming,Michigan
Drew,Lainey,WU,San Ramon,California
Moises,Avah,HINES,Jonesboro,Arkansas
Armani,Jazlyn,MULLINS,Kalamazoo,Michigan
Rhys,Kamryn,CASTANEDA,Iowa City,Iowa
Benson,Mira,MALONE,Bethlehem,Pennsylvania
Jayson,Cheyenne,CANNON,Cedar Park,Texas
Kyson,Francesca,TATE,Arlington Heights,Illinois
Braylen,Antonella,MACK,Union City,California
Corey,Wren,SHERMAN,Bolingbrook,Illinois
Gunnar,Chelsea,HUBBARD,Warner Robins,Georgia
Omari,Amber,HODGES,Evanston,Illinois
Alonzo,Emory,ZHANG,Appleton,Wisconsin
Landen,Lorelei,GUERRA,Camden,New Jersey
Armando,Nia,WOLF,Temple,Texas
Derrick,Abby,VALENCIA,Missouri City,Texas
Dexter,April,FRANCO,Rapid City,South Dakota
Enrique,Emelia,SAUNDERS,Rochester Hills,Michigan
Bruce,Carter,ROWE,Schaumburg,Illinois
Nikolai,Aylin,GALLAGHER,Rancho Cordova,California
Francis,Cataleya,FARMER,Turlock,California
Rocco,Bethany,HAMMOND,Missoula,Montana
Kairo,Marlee,HAMPTON,Southfield,Michigan
Royal,Carly,TOWNSEND,Albany,Georgia
Zachariah,Kaylani,INGRAM,Apple Valley,California
Arjun,Emely,WISE,Rock Hill,South Carolina
Deacon,Liana,GALLEGOS,Pasco,Washington
Skyler,Madelynn,CLARKE,Bismarck,North Dakota
Eden,Cadence,BARTON,New Britain,Connecticut
Alijah,Matilda,SCHROEDER,Waukesha,Wisconsin
Rowen,Sylvia,MAXWELL,Jacksonville,North Carolina
Pierce,Myra,WATERS,Lafayette,Indiana
Uriel,Fernanda,LOGAN,Decatur,Illinois
Ronald,Oaklyn,CAMACHO,Pittsburg,California
Luciano,Elianna,STRICKLAND,Pawtucket,Rhode Island
Tate,Hattie,NORMAN,Flagstaff,Arizona
Frederick,Dayana,PERSON,Lauderhill,Florida
Kieran,Kendra,COLON,Gulfport,Mississippi
Lawrence,Maisie,PARSONS,Redlands,California
Moses,Malaysia,FRANK,Frederick,Maryland
Rodrigo,Kara,HARRINGTON,Passaic,New Jersey
Brycen,Katelyn,GLOVER,Wilmington,Delaware
Leonidas,Maia,OSBORNE,Kissimmee,Florida
Nixon,Celine,BUCHANAN,Lynwood,California
Keith,Cameron,CASEY,Maple Grove,Minnesota
Chandler,Renata,FLOYD,South Jordan,Utah
Case,Jayleen,PATTON,Weston,Florida
Davis,Charli,IBARRA,Canton,Ohio
Asa,Emmalyn,BALL,Georgetown,Texas
Darius,Holly,TYLER,North Richland Hills,Texas
Isaias,Azalea,SUAREZ,Union City,New Jersey
Aden,Leona,BOWERS,St. Charles,Missouri
Jaime,Alejandra,OROZCO,Homestead,Florida
Landyn,Bristol,SALAS,Walnut Creek,California
Raul,Collins,COBB,Woodbury,Minnesota
Niko,Imani,GIBBS,Davis,California
Trenton,Meadow,ANDRADE,Mansfield,Texas
Apollo,Alexia,BAUER,Marysville,Washington
Cairo,Edith,CONNER,Delray Beach,Florida
Izaiah,Kaydence,MOODY,Gaithersburg,Maryland
Scott,Leslie,ESCOBAR,Mount Vernon,New York
Dorian,Lilith,MCGUIRE,Palatine,Illinois
Julio,Kora,LLOYD,Muncie,Indiana
Wilder,Aisha,MUELLER,Eau Claire,Wisconsin
Santino,Meredith,HARTMAN,Bossier City,Louisiana
Dustin,Danna,FRENCH,Buckeye,Arizona
Donald,Wynter,KRAMER,Rockville,Maryland
Raphael,Emberly,MCBRIDE,Broomfield,Colorado
Saul,Julieta,POPE,Yorba Linda,California
Taylor,Michaela,LINDSEY,Greenville,South Carolina
Ayaan,Alayah,VELAZQUEZ,Dothan,Alabama
Duke,Jemma,NORTON,Daytona Beach,Florida
Ryland,Reign,MCCORMICK,St. Cloud,Minnesota
Tatum,Colette,SPARKS,Redondo Beach,California
Ahmed,Kaliyah,FLYNN,Camarillo,California
Moshe,Elliott,YATES,Waterloo,Iowa
Edison,Johanna,HOGAN,Kenner,Louisiana
Emmitt,Remy,MARSH,South San Francisco,California
Cannon,Sutton,MACIAS,Bayonne,New Jersey
Alec,Emmy,VILLANUEVA,Palo Alto,California
Danny,Virginia,ZAMORA,Victoria,Texas
Keaton,Briana,PRATT,Bowling Green,Kentucky
Roy,Oaklynn,STOKES,Portland,Maine
Conrad,Adelina,OWEN,Yuba City,California
Roland,Everlee,BALLARD,Jackson,Tennessee
Quentin,Megan,LANG,Oshkosh,Wisconsin
Lewis,Angelica,BROCK,Eagan,Minnesota
Samson,Justice,VILLARREAL,Ames,Iowa
Brock,Mariam,CHARLES,Rogers,Arkansas
Kylan,Khaleesi,DRAKE,Lake Elsinore,California
Cason,Macie,BARRERA,Johnson City,Tennessee
Ahmad,Karsyn,CAIN,Laguna Niguel,California
Jalen,Alanna,PATRICK,North Port,Florida
Nikolas,Aleah,PINEDA,North Little Rock,Arkansas
Braylon,Mae,BURNETT,Lodi,California
Kamari,Mallory,MERCADO,Alpharetta,Georgia
Dennis,Esme,SANTANA,Conway,Arkansas
Callum,Skyla,SHEPHERD,Tamarac,Florida
Justice,Madilynn,BAUTISTA,Schenectady,New York
Soren,Charley,ALI,West Des Moines,Iowa
Rayan,Allyson,SHAFFER,Shawnee,Kansas
Aarav,Hanna,LAMB,Madera,California
Gerardo,Shiloh,TREVINO,Harlingen,Texas
Ares,Henley,MCKENZIE,East Orange,New Jersey
Brendan,Macy,HESS,San Clemente,California
Jamari,Maryam,BEIL,Santa Cruz,California
Kaison,Ivanna,OLSEN,Jupiter,Florida
Yusuf,Ashlynn,COCHRAN,Wellington,Florida
Issac,Lorelai,MORTON,Rocklin,California
Jasiah,Amora,NASH,Youngstown,Ohio
Callen,Ashlyn,WILKINS,Blaine,Minnesota
Forrest,Sasha,PETERSEN,Sammamish,Washington
Makai,Baylee,BRIGGS,Eden Prairie,Minnesota
Crew,Beatrice,SHAH,Janesville,Wisconsin
Kobe,Itzel,ROTH,Redmond,Washington
Bo,Priscilla,NICHOLSON,Skokie,Illinois
Julien,Marie,HOLLOWAY,Auburn,Alabama
Mathew,Jayda,LOZANO,Tulare,California
Braden,Liberty,FLOWERS,Lorain,Ohio
Johan,Rory,RANGEL,Lakeville,Minnesota
Marvin,Alessia,HOOVER,Haverhill,Massachusetts
Zaid,Alaia,ARIAS,Cheyenne,Wyoming
Stetson,Janelle,SHORT,Pico Rivera,California
Casey,Kalani,MORA,Pflugerville,Texas
Ty,Gloria,VALENZUELA,Eastvale,California
Ariel,Sloan,BRYAN,Port Orange,Florida
Tony,Dorothy,MEYERS,Montebello,California
Zain,Greta,WEISS,Encinitas,California
Callan,Julie,UNDERWOOD,San Marcos,Texas
Cullen,Zahra,BASS,Rowlett,Texas
Sincere,Savanna,GREER,Lehi,Utah
Uriah,Annabella,SUMMERS,Coon Rapids,Minnesota
Dillon,Poppy,HOUSTON,Grand Junction,Colorado
Kannon,Amalia,CARSON,La Habra,California
Colby,Zaylee,MORROW,Waltham,Massachusetts
Axton,Cecelia,CLAYTON,Brentwood,California
Cassius,Coraline,WHITAKER,Ankeny,Iowa
Quinton,Kimber,DECKER,Springfield,Oregon
Mekhi,Emmie,YODER,Council Bluffs,Iowa
Reece,Anne,COLLIER,Castle Rock,Colorado
Alessandro,Karina,ZUNIGA,North Miami,Florida
Jerry,Kassidy,CAREY,Hamilton,Ohio
Mauricio,Kynlee,WILCOX,Noblesville,Indiana
Sam,Monroe,MELENDEZ,Moore,Oklahoma
Trey,Anahi,POOLE,Burnsville,Minnesota
Mohammad,Jaliyah,ROBERSON,National City,California
Alberto,Jazmin,LARSEN,Taylor,Michigan
Gustavo,Maren,CONLEY,Malden,Massachusetts
Arturo,Monica,DAVENPORT,Doral,Florida
Fletcher,Siena,COPELAND,Idaho Falls,Idaho
Marcelo,Marilyn,MASSEY,Marietta,Georgia
Abdiel,Reyna,LAM,Monterey Park,California
Hamza,Kyra,HUFF,Coconut Creek,Florida
Alfredo,Lilian,ROCHA,Dublin,California
Chris,Jamie,CAMERON,Petaluma,California
Finnley,Melany,JEFFERSON,Cupertino,California
Curtis,Alaya,HOOD,Terre Haute,Indiana
Kellan,Ariya,MONROE,Utica,New York
Quincy,Kelly,ANTHONY,Vineland,New Jersey
Kase,Rosie,PITTMAN,Lakewood,Washington
Harry,Adley,HUYNH,Gardena,California
Kyree,Dream,RANDALL,Bristol,Connecticut
Wilson,Jaylah,SINGLETON,Millcreek,Utah
Cayson,Laurel,KIRK,La Mesa,California
Hezekiah,Jazmine,COMBS,Woodland,California
Kohen,Mina,MATHIS,Taylorsville,Utah
Neil,Karla,CHRISTIAN,West Allis,Wisconsin
Mohammed,Bailee,SKINNER,Meriden,Connecticut
Raylan,Aubrie,BRADFORD,Chapel Hill,North Carolina
Kaysen,Katalina,RICHARD,Pontiac,Michigan
Lucca,Melina,GALVAN,Novi,Michigan
Sylas,Harlee,WALL,Lancaster,Pennsylvania
Mack,Elliot,BOONE,St. Clair Shores,Michigan
Leonard,Hayley,KIRBY,Owensboro,Kentucky
Lionel,Elaine,WILKINSON,Sanford,Florida
Ford,Karen,BRIDGES,Springfield,Ohio
Roger,Dallas,BRUCE,Porterville,California
Rex,Irene,ATKINSON,Royal Oak,Michigan
Alden,Lylah,VELEZ,Ocala,Florida
Boston,Ivory,MEZA,Bartlett,Tennessee
Colson,Chaya,ROY,San Rafael,California
Briggs,Rosa,VINCENT,White Plains,New York
Zeke,Aleena,YORK,Great Falls,Montana
Dariel,Braelyn,HODGE,Bowie,Maryland
Kingsley,Nola,VILLA,Huntington Park,California
Valentino,Alma,ABBOTT,Arcadia,California
Jamir,Leyla,ALLISON,Orland Park,Illinois
Salvador,Pearl,TAPIA,Margate,Florida
Vihaan,Addyson,GATES,Dubuque,Iowa
Mitchell,Roselyn,CHASE,Des Plaines,Illinois
Lance,Lacey,SOSA,Santee,California
Lucian,Lennox,SWEENEY,Corvallis,Oregon
Darren,Reina,FARRELL,Kokomo,Indiana
Jimmy,Aurelia,WYATT,Casper,Wyoming
Alvin,Noa,DALTON,Medford,Massachusetts
Amos,Janiyah,HORN,Gilroy,California
Tripp,Jessie,BARRON,Hendersonville,Tennessee
Zaire,Madisyn,PHELPS,Greenwood,Indiana
Layton,Saige,YU,Midwest City,Oklahoma
Reese,Alia,DICKERSON,St. Peters,Missouri
Casen,Tiana,HEATH,Taunton,Massachusetts
Colten,Astrid,FOLEY,New Brunswick,New Jersey
Brennan,Cassandra,ATKINS,Grand Forks,North Dakota
Korbin,Kyleigh,MATHEWS,Sarasota,Florida
Sonny,Romina,BONILLA,Smyrna,Georgia
Bruno,Stevie,ACEVEDO,Tinley Park,Illinois
Orlando,Haylee,BENITEZ,Diamond Bar,California
Devon,Zelda,ZAVALA,Weymouth Town,Massachusetts
Huxley,Lillie,HENSLEY,Bradenton,Florida
Boone,Aileen,GLENN,Hanford,California
Maurice,Brylee,CISNEROS,Fountain Valley,California
Nelson,Eileen,HARRELL,Richland,Washington
Douglas,Yara,SHIELDS,Huntersville,North Carolina
Randy,Ensley,RUBIO,Shoreline,Washington
Gary,Lauryn,CHOI,Bonita Springs,Florida
Lennon,Giuliana,HUFFMAN,Oak Lawn,Illinois
Titan,Livia,BOYER,Valdosta,Georgia
Denver,Anya,GARRISON,Novato,California
Jaziel,Mikaela,ARROYO,Commerce City,Colorado
Noe,Palmer,BOND,Hempstead,New York
Jefferson,Lyra,KANE,Dearborn Heights,Michigan
Ricky,Mara,HANCOCK,Berwyn,Illinois
Lochlan,Marina,CALLAHAN,Chicopee,Massachusetts
Rayden,Kailey,DILLON,Port Arthur,Texas
Bryant,Liv,CLINE,Casa Grande,Arizona
Langston,Clementine,WIGGINS,Highland,California
Lachlan,Kenna,GRIMES,Pocatello,Idaho
Clay,Briar,ARELLANO,Kettering,Ohio
Abdullah,Emerie,MELTON,Euless,Texas
Lee,Galilea,ONEILL,Hoboken,New Jersey
Baylor,Tiffany,SAVAGE,Anderson,Indiana
Leandro,Bonnie,HO,Palm Beach Gardens,Florida
Ben,Elyse,BELTRAN,Blue Springs,Missouri
Kareem,Cynthia,PITTS,Paramount,California
Layne,Frida,PARRISH,West Haven,Connecticut
Joe,Kinslee,PONCE,Manhattan,Kansas
Crosby,Tatiana,RICH,Colton,California
Deandre,Joelle,BOOTH,Carson City,Nevada
Demetrius,Armani,KOCH,Caldwell,Idaho
Kellen,Jolie,GOLDEN,Cathedral City,California
Carl,Nalani,WARE,Rosemead,California
Jakob,Rayna,BRENNAN,Rocky Mount,North Carolina
Ridge,Yareli,MCDOWELL,Stonecrest,Georgia
Bronson,Meghan,MARKS,Lake Havasu City,Arizona
Jedidiah,Rebekah,CANTU,Decatur,Alabama
Rohan,Addilynn,HUMPHREY,Normal,Illinois
Larry,Faye,BAXTER,West New York,New Jersey
Stanley,Zariyah,SAWYER,Leesburg,Virginia
Tomas,Lea,CLAY,Harrisonburg,Virginia
Shiloh,Aliza,TANNER,Parker,Colorado
Thaddeus,Julissa,HUTCHINSON,Watsonville,California
Watson,Lilyana,KAUR,Southaven,Mississippi
Baker,Anika,BERG,Revere,Massachusetts
Vicente,Kairi,WILEY,Grapevine,Texas
Koda,Aniya,GILMORE,Mount Prospect,Illinois
Jagger,Noemi,RUSSO,Elyria,Ohio
Nathanael,Angie,VILLEGAS,Yucaipa,California
Carmelo,Crystal,HOBBS,DeSoto,Texas
Shepherd,Bridget,KEITH,Lenexa,Kansas
Graysen,Ari,WILKERSON,Brookhaven,Georgia
Melvin,Davina,AHMED,West Sacramento,California
Ernesto,Amelie,BEARD,Albany,Oregon
Jamie,Amirah,MCCLAIN,Bellevue,Nebraska
Yosef,Annika,MONTES,Kingsport,Tennessee
Clyde,Elora,MATA,Wheaton,Illinois
Eddie,Xiomara,ROSARIO,Tigard,Oregon
Tristen,Linda,VANG,Delano,California
Grey,Hana,WALTER,Minnetonka,Minnesota
Ray,Laney,HENSON,Burlington,North Carolina
Tommy,Mercy,ONEAL,Peabody,Massachusetts
Samir,Hadassah,MOSLEY,Milford,Connecticut
Ramon,Madalyn,MCCLURE,Palm Desert,California
Santana,Louisa,BEASLEY,Pinellas Park,Florida
Kristian,Simone,STEPHENSON,Perth Amboy,New Jersey
Marcel,Kori,SNOW,Pensacola,Florida
Wells,Jillian,HUERTA,Elkhart,Indiana
Zyaire,Alena,PRESTON,Glendora,California
Brecken,Malaya,VANCE,Apple Valley,Minnesota
Byron,Miley,BARRY,Joplin,Missouri
Otis,Milan,JOHNS,Oak Park,Illinois
Reyansh,Sariyah,EATON,Placentia,California
Axl,Malani,BLACKWELL,Edina,Minnesota
Joey,Clarissa,DYER,La Crosse,Wisconsin
Trace,Nala,PRINCE,Kentwood,Michigan
Morgan,Princess,MACDONALD,Burien,Washington
Musa,Amani,SOLOMON,Aliso Viejo,California
Harlan,Analia,GUEVARA,Olympia,Washington
Enoch,Estella,STAFFORD,Hoffman Estates,Illinois
Henrik,Milana,ENGLISH,Apopka,Florida
Kristopher,Aya,HURST,Florissant,Missouri
Talon,Chana,WOODARD,Grand Island,Nebraska
Rey,Jayde,CORTES,Plainfield,New Jersey
Guillermo,Tenley,SHANNON,Battle Creek,Michigan
Houston,Zaria,KEMP,St. Cloud,Florida
Jon,Itzayana,NOLAN,Logan,Utah
Vincenzo,Penny,MCCULLOUGH,Coral Gables,Florida
Dane,Ailani,MERRITT,Cerritos,California
Terry,Lara,MURILLO,Coeur d'Alene,Idaho
Azariah,Aubriella,MOON,Galveston,Texas
Castiel,Clare,SALGADO,Apex,North Carolina
Kye,Lina,STRONG,Summerville,South Carolina
Augustine,Rhea,KLINE,Collierville,Tennessee
Zechariah,Bria,CORDOVA,Methuen,Massachusetts
Joziah,Thalia,BARAJAS,Lakewood,Ohio
Kamryn,Keyla,ROACH,Enid,Oklahoma
Hassan,Haisley,ROSAS,Poway,California
Jamal,Ryann,WINTERS,Smyrna,Tennessee
Chaim,Addisyn,JACOBSON,Azusa,California
Bodie,Amaia,LESTER,Stillwater,Oklahoma
Emery,Chanel,KNOX,Wylie,Texas
Branson,Ellen,BULLOCK,Lacey,Washington
Jaxtyn,Harmoni,KERR,Dunwoody,Georgia
Kole,Aliana,LEACH,Troy,New York
Wayne,Tinsley,MEADOWS,Downers Grove,Illinois
Aryan,Landry,DAVILA,Bedford,Texas
Alonso,Paisleigh,ORR,Newark,Ohio
Brixton,Lexie,WHITEHEAD,Wilson,North Carolina
Madden,Myah,PRUITT,Bentonville,Arkansas
Allan,Rylan,KENT,Murray,Utah
Flynn,Deborah,CONWAY,Cuyahoga Falls,Ohio
Jaxen,Emilee,MCKEE,Leander,Texas
Harley,Laylah,BARR,Twin Falls,Idaho
Magnus,Novalee,DAVID,Harrisburg,Pennsylvania
Sutton,Ellis,DEJESUS,Mishawaka,Indiana
Dash,Emmeline,MARIN,La Mirada,California
Anders,Avalynn,BERGER,Cypress,California
Westley,Hadlee,MCINTYRE,St. Louis Park,Minnesota
Brett,Legacy,BLANKENSHIP,Madison,Alabama
Emory,Braylee,GAINES,East Lansing,Michigan
Felipe,Elisabeth,PALACIOS,Middletown,Ohio
Yousef,Kaylie,CUEVAS,Portage,Michigan
Jadiel,Ansley,BARTLETT,Kannapolis,North Carolina
Mordechai,Dior,DURHAM,Rancho Santa Margarita,California
Dominik,Paula,DORSEY,Cedar Hill,Texas
Junior,Belen,MCCALL,Lawrence,Indiana
Eliseo,Corinne,ODONNELL,Ceres,California
Fisher,Maleah,STEIN,Saginaw,Michigan
Harold,Martha,BROWNING,Texas City,Texas
Jaxxon,Teresa,STOUT,Covina,California
Kamdyn,Salma,LOWERY,Niagara Falls,New York
Maximo,Louise,SLOAN,Monroe,Louisiana
Caspian,Averi,MCLEAN,Sheboygan,Wisconsin
Kelvin,Lilianna,HENDRICKS,Wauwatosa,Wisconsin
Damari,Amiya,CALHOUN,San Jacinto,California
Fox,Milena,SEXTON,Palm Springs,California
Trent,Royal,CHUNG,Charlottesville,Virginia
Hugh,Aubrielle,GENTRY,Maricopa,Arizona
Briar,Calliope,HULL,Charleston,West Virginia
Franco,Frankie,DUARTE,Minot,North Dakota
Keanu,Natasha,ELLISON,Roswell,New Mexico
Terrance,Kamilah,NIELSEN,Littleton,Colorado
Yahir,Meilani,GILLESPIE,Draper,Utah
Ameer,Raina,BUCK,Lincoln,California
Kaiser,Amayah,MIDDLETON,Glenview,Illinois
Thatcher,Lailah,SELLERS,Dublin,Ohio
Ishaan,Rayne,LEBLANC,East Providence,Rhode Island
Koa,Zaniyah,ESPARZA,Chesterfield,Missouri
Merrick,Isabela,HARDIN,San Luis Obispo,California
Coen,Nathalie,BRADSHAW,Newark,California
Rodney,Miah,MCINTOSH,Roseville,Michigan
Brayan,Opal,HOWE,Jeffersonville,Indiana
London,Kenia,LIVINGSTON,Alexandria,Louisiana
Rudy,Azariah,FROST,Keller,Texas
Gordon,Hunter,GLASS,Euclid,Ohio
Bobby,Tori,MORSE,Columbus,Indiana
Aron,Andi,KNAPP,Mentor,Ohio
Marc,Keily,HERMAN,Huntington,West Virginia
Van,Leanna,STARK,Salina,Kansas
Anakin,Scarlette,BRAVO,Beaumont,California
Canaan,Jaelyn,NOBLE,Beavercreek,Ohio
Dario,Saoirse,SPEARS,Elmhurst,Illinois
Reginald,Selene,WEEKS,Bozeman,Montana
Westin,Dalary,CORONA,Little Elm,Texas
Darian,Lindsey,FREDERICK,Middletown,Connecticut
Ledger,Marianna,BUCKLEY,Ocoee,Florida
Leighton,Ramona,MCFARLAND,Hattiesburg,Mississippi
Maxton,Estelle,HEBERT,Everett,Massachusetts
Tadeo,Giovanna,ENRIQUEZ,West Lafayette,Indiana
Valentin,Holland,HICKMAN,Titusville,Florida
Aldo,Nancy,QUINTERO,Mansfield,Ohio
Khalid,Emmalynn,RANDOLPH,Burleson,Texas
Nickolas,Mylah,SCHAEFER,Biloxi,Mississippi
Toby,Rosalee,WALLS,Fort Pierce,Florida
Dayton,Sariah,TREJO,Bothell,Washington
Jacoby,Zoie,HOUSE,Farmington,New Mexico
Billy,Blaire,REILLY,Coachella,California
Gatlin,Lyanna,PENNINGTON,Sayreville,New Jersey
Elisha,Maxine,MICHAEL,Hackensack,New Jersey
Jabari,Anais,CONRAD,Binghamton,New York
Jermaine,Dana,GILES,Cutler Bay,Florida
Alvaro,Judith,BENJAMIN,Morgan Hill,California
Marlon,Kiera,CROSBY,Oakland Park,Florida
Mayson,Jaelynn,FITZPATRICK,Marana,Arizona
Blaze,Noor,DONOVAN,Danville,California
Jeffery,Kai,MAYS,Strongsville,Ohio
Kace,Adalee,MAHONEY,Attleboro,Massachusetts
Braydon,Oaklee,VALENTINE,Blacksburg,Virginia
Achilles,Amaris,RAYMOND,Cleveland Heights,Ohio
Brysen,Jaycee,MEDRANO,Cleveland,Tennessee
Saint,Belle,HAHN,Prescott Valley,Arizona
Xzavier,Carolyn,MCMILLAN,Haltom City,Texas
Aydin,Della,SMALL,El Centro,California
Eugene,Karter,BENTLEY,Oro Valley,Arizona
Adrien,Sky,FELIX,Altamonte Springs,Florida
Cain,Treasure,PECK,Rockwall,Texas
Kylo,Vienna,LUCERO,North Lauderdale,Florida
Nova,Jewel,BOYLE,Barnstable Town,Massachusetts
Onyx,Rivka,HANNA,York,Pennsylvania
Arian,Rosalyn,PACE,North Miami Beach,Florida
Bjorn,Alannah,RUSH,Bountiful,Utah
Jerome,Ellianna,HURLEY,Altoona,Pennsylvania
Miller,Sunny,HARDING,Plainfield,Illinois
Alfred,Claudia,MCCONNELL,Lombard,Illinois
Kenzo,Cara,BERNAL,Urbandale,Iowa
Kyng,Hailee,NAVA,Lompoc,California
Leroy,Estrella,AYERS,Winter Garden,Florida
Maison,Harleigh,EVERETT,Freeport,New York
Jordy,Zhavia,VENTURA,Kyle,Texas
Stefan,Alianna,AVERY,Salem,Massachusetts
Wallace,Brittany,PUGH,Riverton,Utah
Benicio,Jaylene,MAYER,San Bruno,California
Kendall,Journi,BENDER,Peachtree Corners,Georgia
Zayd,Marissa,SHEPARD,DeKalb,Illinois
Blaine,Mavis,MCMAHON,Moorhead,Minnesota
Tristian,Iliana,LANDRY,Linden,New Jersey
Anson,Jurnee,CASE,Concord,New Hampshire
Gannon,Aislinn,SAMPSON,Pine Bluff,Arkansas
Jeremias,Alyson,MOSES,Sierra Vista,Arizona
Marley,Elsa,MAGANA,Jefferson City,Missouri
Ronnie,Kamiyah,BLACKBURN,Rohnert Park,California
Dangelo,Kiana,DUNLAP,Ormond Beach,Florida
Kody,Lisa,GOULD,Fond du Lac,Wisconsin
Will,Arlette,DUFFY,Brea,California
Bentlee,Kadence,VAUGHAN,Bell Gardens,California
Gerald,Kathleen,HERRING,Prescott,Arizona
Salvatore,Halle,MCKAY,The Colony,Texas
Turner,Erika,ESPINOSA,Kearny,New Jersey
Chad,Sylvie,RIVERS,Brentwood,Tennessee
Misael,Adele,FARLEY,Goose Creek,South Carolina
Mustafa,Erica,BERNARD,Pittsfield,Massachusetts
Konnor,Veda,ASHLEY,Fairfield,Ohio
Maxim,Whitney,FRIEDMAN,State College,Pennsylvania
Rogelio,Bexley,POTTS,Rancho Palos Verdes,California
Zakai,Emmaline,TRUONG,Wake Forest,North Carolina
Cory,Guadalupe,COSTA,Mankato,Minnesota
Judson,August,CORREA,Burlington,Vermont
Brentley,Brynleigh,BLEVINS,Moline,Illinois
Darwin,Gwen,NIXON,Edmonds,Washington
Louie,Promise,CLEMENTS,Urbana,Illinois
Ulises,Alisson,FRY,Midland,Michigan
Dakari,India,DELAROSA,Coppell,Texas
Rocky,Madalynn,BEST,Sherman,Texas
Wesson,Paloma,BENTON,Beverly,Massachusetts
Alfonso,Patricia,LUGO,Woonsocket,Rhode Island
Payton,Samira,PORTILLO,Oakley,California
Dwayne,Aliya,DOUGHERTY,Westfield,Massachusetts
Juelz,Casey,CRANE,Belleville,Illinois
Duncan,Jazlynn,HALEY,Leominster,Massachusetts
Keagan,Paulina,PHAN,Cedar Falls,Iowa
Deshawn,Dulce,VILLALOBOS,Campbell,California
Bode,Kallie,BLANCHARD,Manassas,Virginia
Bridger,Perla,HORNE,Shelton,Connecticut
Skylar,Adrienne,FINLEY,Findlay,Ohio
Brodie,Alora,QUINTANA,La Quinta,California
Landry,Nataly,LYNN,Winter Haven,Florida
Avi,Ayleen,ESQUIVEL,Huntsville,Texas
Keenan,Christine,BEAN,Buffalo Grove,Illinois
Reuben,Kaiya,DODSON,Bartlett,Illinois
Jaxx,Ariadne,MULLEN,Danville,Virginia
Rene,Karlee,XIONG,Bremerton,Washington
Yehuda,Barbara,HAYDEN,Grove City,Ohio
Imran,Lillianna,CANO,Puyallup,Washington
Yael,Raquel,LEVY,Maplewood,Minnesota
Alexzander,Saniyah,HUBER,Shakopee,Minnesota
Willie,Yamileth,RICHMOND,Wilkes-Barre,Pennsylvania
Cristiano,Arely,MOYER,Fitchburg,Massachusetts
Heath,Celia,LIM,Oviedo,Florida
Lyric,Heavenly,FRYE,Hutchinson,Kansas
Davion,Kaylin,SHEPPARD,Greenacres,Florida
Elon,Marisol,MCCARTY,Hickory,North Carolina
Karsyn,Marleigh,AVALOS,Brighton,Colorado
Krew,Avalyn,BOOKER,Apache Junction,Arizona
Jairo,Berkley,WALLER,San Gabriel,California
Maddux,Kataleya,PARRA,Covington,Kentucky
Ephraim,Zainab,WOODWARD,Crystal Lake,Illinois
Ignacio,Dani,JARAMILLO,Gainesville,Georgia
Vivaan,Egypt,KRUEGER,Weslaco,Texas
Aries,Joyce,RASMUSSEN,Calexico,California
Vance,Kenley,BRANDT,Holyoke,Massachusetts
Boden,Annabel,PERALTA,La Puente,California
Lyle,Kaelyn,DONALDSON,Hagerstown,Maryland
Ralph,Etta,STUART,Quincy,Illinois
Reign,Hadleigh,FAULKNER,Lancaster,Ohio
Camilo,Joselyn,MAYNARD,Bullhead City,Arizona
Draven,Luella,GALINDO,Chelsea,Massachusetts
Terrence,Jaylee,COFFEY,Schertz,Texas
Idris,Zola,ESTES,Hilton Head Island,South Carolina
Ira,Alisha,SANFORD,Carol Stream,Illinois
Javion,Ezra,BURCH,Sumter,South Carolina
Jericho,Queen,MADDOX,Streamwood,Illinois
Khari,Amia,VO,Marlborough,Massachusetts
Marcellus,Annalee,OCONNELL,Florence,Alabama
Creed,Bellamy,VU,Friendswood,Texas
Shepard,Paola,ANDERSEN,Hallandale Beach,Florida
Terrell,Tinley,SPENCE,New Berlin,Wisconsin
Ahmir,Violeta,MCPHERSON,Westerville,Ohio
Camdyn,Jenesis,CHURCH,Woburn,Massachusetts
Cedric,Arden,SCHMITT,Romeoville,Illinois
Howard,Giana,STANTON,Spring Hill,Tennessee
Jad,Wendy,LEAL,Warren,Ohio
Zahir,Ellison,CHERRY,Westfield,Indiana
Harper,Florence,COMPTON,Duncanville,Texas
Justus,Margo,DUDLEY,Norwich,Connecticut
Forest,Naya,SIERRA,Spanish Fork,Utah
Gibson,Robin,POLLARD,Wentzville,Missouri
Zev,Sandra,ALFARO,Marion,Iowa
Alaric,Scout,HESTER,Lancaster,Texas
Decker,Waverly,PROCTOR,Annapolis,Maryland
Ernest,Janessa,LU,Keizer,Oregon
Jesiah,Jayden,HINTON,Culver City,California
Torin,Micah,NOVAK,Montclair,California
Benedict,Novah,GOOD,Delaware,Ohio
Bowie,Zora,MADDEN,Herriman,Utah
Deangelo,Ann,MCCANN,Lake Oswego,Oregon
Genesis,Jana,TERRELL,Queen Creek,Arizona
Harlem,Taliyah,JARVIS,Los Banos,California
Kalel,Vada,DICKSON,Cape Girardeau,Missouri
Kylen,Giavanna,REYNA,Germantown,Tennessee
Bishop,Ingrid,CANTRELL,Pacifica,California
Immanuel,Valery,MAYO,Hurst,Texas
Lian,Azaria,BRANCH,Indian Trail,North Carolina
Zavier,Emmarie,HENDRIX,Clovis,New Mexico
Archie,Esperanza,ROLLINS,Northglenn,Colorado
Davian,Kailyn,ROWLAND,Milton,Georgia
Gus,Aiyana,WHITNEY,Newnan,Georgia
Kabir,Keilani,DUKE,Pleasant Grove,Utah
Korbyn,Austyn,ODOM,Wausau,Wisconsin
Randall,Whitley,DAUGHERTY,Plant City,Florida
Benton,Elina,TRAVIS,Roy,Utah
Coleman,Kimora,TANG,Royal Palm Beach,Florida
Markus,Maliah,LEACOCK,Wheeling,Illinois